{"cameraMode":{"drawMode":0,"name":"Shaded","section":"Shading Mode"},"sceneLighting":false,"audioPlay":false,"sceneViewState":{"showFog":true,"showMaterialUpdate":true,"showSkybox":false,"showFlares":true,"showImageEffects":true,"showParticleSystems":true},"in2DMode":false,"pivot":{"x":-2.879357099533081,"y":0.6670000553131104,"z":0.731797456741333},"rotation":{"x":-0.011034578084945679,"y":0.9598577618598938,"z":0.04177236184477806,"w":0.27847230434417727},"size":0.7075485587120056,"orthographic":false}