{"cameraMode":{"drawMode":0,"name":"Shaded","section":"Shading Mode"},"sceneLighting":true,"audioPlay":false,"sceneViewState":{"showFog":true,"showMaterialUpdate":true,"showSkybox":true,"showFlares":true,"showImageEffects":true,"showParticleSystems":true},"in2DMode":false,"pivot":{"x":-0.007836438715457917,"y":2.0217702388763429,"z":2.359851360321045},"rotation":{"x":-0.20877116918563844,"y":-0.4526507556438446,"z":0.10828662663698197,"w":-0.8605677485466003},"size":4.778698921203613,"orthographic":false}