{"cameraMode":{"drawMode":0,"name":"Shaded","section":"Shading Mode"},"sceneLighting":false,"audioPlay":false,"sceneViewState":{"showFog":true,"showMaterialUpdate":false,"showSkybox":false,"showFlares":true,"showImageEffects":true,"showParticleSystems":true},"in2DMode":false,"pivot":{"x":2.5361738204956056,"y":1.4670000076293946,"z":1.2465877532958985},"rotation":{"x":0.2036716192960739,"y":0.060168683528900149,"z":-0.012541139498353005,"w":0.9771109223365784},"size":7.274612903594971,"orthographic":false}