{"cameraMode":{"drawMode":0,"name":"Shaded","section":"Shading Mode"},"sceneLighting":false,"audioPlay":false,"sceneViewState":{"showFog":true,"showMaterialUpdate":true,"showSkybox":false,"showFlares":true,"showImageEffects":true,"showParticleSystems":true},"in2DMode":false,"pivot":{"x":-5.108116149902344,"y":0.6700000762939453,"z":0.57103031873703},"rotation":{"x":-0.16105259954929353,"y":0.7760513424873352,"z":-0.21847717463970185,"w":-0.5696488618850708},"size":0.781424880027771,"orthographic":false}