{"cameraMode":{"drawMode":2,"name":"Shaded Wireframe","section":"Shading Mode"},"sceneLighting":true,"audioPlay":false,"sceneViewState":{"showFog":false,"showMaterialUpdate":true,"showSkybox":true,"showFlares":true,"showImageEffects":true,"showParticleSystems":true},"in2DMode":false,"pivot":{"x":0.2002277374267578,"y":5.369752883911133,"z":3.7892723083496095},"rotation":{"x":-0.055836521089076999,"y":-0.9402018785476685,"z":0.15655092895030976,"w":-0.2989739775657654},"size":26.356365203857423,"orthographic":false}