{"cameraMode":{"drawMode":0,"name":"Shaded","section":"Shading Mode"},"sceneLighting":true,"audioPlay":false,"sceneViewState":{"showFog":true,"showMaterialUpdate":true,"showSkybox":true,"showFlares":true,"showImageEffects":true,"showParticleSystems":true},"in2DMode":false,"pivot":{"x":1.5296258926391602,"y":3.3357667922973635,"z":2.648423671722412},"rotation":{"x":-0.005195106845349073,"y":0.46111130714416506,"z":0.005603731609880924,"w":0.8877819776535034},"size":4.833138465881348,"orthographic":false}